{
    "Tech Space Corner": {
        "y": 4.1415, 
        "x": 5.51165, 
        "w": 1.0
    }, 
    "Foyer Back Left Corner": {
        "y": -24.9243, 
        "x": -9.343624, 
        "w": 1.0
    }, 
    "Block 7 Entrance": {
        "y": -19.0616, 
        "x": -1.1576, 
        "w": 1.0
    }, 
    "Tech Space Podium": {
        "y": 8.73995, 
        "x": 5.71453, 
        "w": 1.0
    }, 
    "P7": {
        "y": 4.5599, 
        "x": 74.25, 
        "w": 1.0
    }, 
    "P4": {
        "y": 12.9, 
        "x": 31.35, 
        "w": 0.3
    }, 
    "Tech Space Entrance": {
        "y": 3.5982, 
        "x": 1.0546, 
        "w": 1.0
    }, 
    "Point 1": {
        "y": -44.3369, 
        "x": -30.5878, 
        "w": 1.0
    }, 
    "TS Point 1": {
        "y": 3.81753, 
        "x": -1.546625, 
        "w": 1.0
    }, 
    "Point 3": {
        "y": -42.3926, 
        "x": -27.8984, 
        "w": 1.0
    }, 
    "Point 2": {
        "y": -43.6128, 
        "x": -28.8528, 
        "w": 1.0
    }, 
    "initial": {
        "y": -42.66951, 
        "x": -29.21237, 
        "w": 1.0
    }, 
    "P10": {
        "y": 52.34, 
        "x": 104.15, 
        "w": 1.0
    }, 
    "P11": {
        "y": 62.9099, 
        "x": 122.22, 
        "w": 1.0
    }, 
    "P12": {
        "y": 56.843, 
        "x": 131.0041, 
        "w": 1.0
    }, 
    "P13": {
        "y": 56.12377, 
        "x": 137.0418, 
        "w": 1.0
    }, 
    "P14": {
        "y": 49.49, 
        "x": 159.19, 
        "w": 1.0
    }, 
    "Block 7 Room 107 Entrance": {
        "y": -43.3707, 
        "x": -23.4186, 
        "w": 1.0
    }, 
    "P2": {
        "y": 8.47, 
        "x": 23.77, 
        "w": 0.4
    }, 
    "P3": {
        "y": 11.11, 
        "x": 29.13, 
        "w": 0.4
    }, 
    "P1": {
        "y": 5.43, 
        "x": 17.97, 
        "w": 0.4
    }, 
    "P6": {
        "y": 5.5693, 
        "x": 64.7817, 
        "w": 1.0
    }, 
    "TS Point 2": {
        "y": 1.85784, 
        "x": -0.40589299, 
        "w": 1.0
    }, 
    "Tech Space Entrance Inside": {
        "y": 6.0835, 
        "x": 4.14264, 
        "w": 1.0
    }, 
    "P5": {
        "y": 12.84, 
        "x": 50.75, 
        "w": 0.0
    }, 
    "Tech Space Center": {
        "y": 7.40898, 
        "x": 6.40236, 
        "w": 1.0
    }, 
    "P8": {
        "y": 11.5699, 
        "x": 84.769, 
        "w": 1.0
    }, 
    "P9": {
        "y": 26.8199, 
        "x": 90.33, 
        "w": 1.0
    }, 
    "TS Entrance": {
        "y": 3.85156, 
        "x": 1.267177, 
        "w": 1.0
    }, 
    "Foyer Back Right Corner": {
        "y": -21.9641, 
        "x": -14.2632, 
        "w": 1.0
    }, 
    "Block 7 Male Toilet": {
        "y": -36.180393, 
        "x": -16.688934, 
        "w": 1.0
    }, 
    "Location 2": {
        "y": -43.6096, 
        "x": -29.128372, 
        "w": 1.0
    }, 
    "Location 1": {
        "y": -43.506011, 
        "x": -30.120588, 
        "w": 1.0
    }, 
    "Test 2": {
        "y": -45.25327, 
        "x": -29.35681, 
        "w": 1.0
    }, 
    "Test 1": {
        "y": -42.58239, 
        "x": -27.098667, 
        "w": 1.0
    }, 
    "Foyer Front Right Corner": {
        "y": -14.0147, 
        "x": -7.3209, 
        "w": 1.0
    }, 
    "Tech Space Beside Car": {
        "y": 7.8062, 
        "x": 8.75102, 
        "w": 1.0
    }, 
    "Block 7 Female Toilet": {
        "y": -41.744407, 
        "x": -21.986625, 
        "w": 1.0
    }
}